{
  "Identifier": "",
  "AgreementPacket": "GSK Proprietary",
  "Title": "",
  "Author": "",
  "AuthorID": "",
  "AuthorEmail": "",
  "BusinessUnit": "Pharmaceuticals Research and Development",
  "IssueDate": "",
  "InformationCategory": "Proprietary",
  "StudyNumber": "NotApplicable",
  "Environment": "Non GxP Production",
  "Format": "NA",
  "InformationType": "Laboratory Experiment",
  "Language": "English",
  "OriginatingOrganization": "GlaxoSmithKline",
  "PersonallyIdentifiableInformation": "No",
  "RecordRetentionCategory": "Discovery Records / Laboratory Notebooks / Supplementary Data / Research Report / Technical Documents",
  "RecordRetentionCategoryCode": "GRS021",
  "PreservationNoticeName": "",
  "Description": ""
}