{
  "FileName": "TestImage.png",
  "FolderName": "ClientTest2022",
  "FilePath": "ClientTest2022/TestImage.png",
  "Container": "signals-dev",
  "FileBlobType": "Block",
  "FileContentType": "application/octet-stream",
  "FileVersionId": "2022-05-02T13:16:05.2702300Z",
  "FileGuid": "9e810f82-b582-4f8e-b219-4708ee2b9532",
  "FileHash": "IjB4OERBMkMzREU5QzBBRDRDIg==",
  "FileSize": 1906,
  "CreationTime": "2022-05-02T13:16:05+00:00",
  "ModificationDate": "2022-05-02T13:16:05+00:00",
  "Metadata": [
    {
      "Key": "Language",
      "Value": "English"
    },
    {
      "Key": "Format",
      "Value": "application/json"
    },
    {
      "Key": "InformationCategory",
      "Value": "Confidential"
    },
    {
      "Key": "OriginatingOrganization",
      "Value": "GlaxoSmithKline"
    },
    {
      "Key": "RecordRetentionCategory",
      "Value": "GRS023"
    },
    {
      "Key": "PrimaryCustodianID",
      "Value": "bsu31171@gsk.com"
    },
    {
      "Key": "PersonallyIdentifiableInformation",
      "Value": "None"
    },
    {
      "Key": "BusinessUnit",
      "Value": "Pharmaceuticals Research and Development"
    },
    {
      "Key": "Title",
      "Value": "E14875 - Cloned v24 -SCH-TST - Clone Screening"
    },
    {
      "Key": "AgreementPacket",
      "Value": "GSK Proprietary"
    },
    {
      "Key": "IssueDate",
      "Value": "07-Oct-2019 00:00:00"
    },
    {
      "Key": "InformationType",
      "Value": "Experiment Capture"
    },
    {
      "Key": "Author",
      "Value": "Hella Bosteels"
    },
    {
      "Key": "AuthorID",
      "Value": "hb48419"
    },
    {
      "Key": "SecondAuthor",
      "Value": "kk920264"
    }
  ],
  "Versions": [
    {
      "FileName": "TestImage.png",
      "FolderName": "ClientTest2022",
      "FilePath": "ClientTest2022/TestImage.png",
      "Container": "signals-dev",
      "FileBlobType": "Block",
      "FileContentType": "application/octet-stream",
      "IsLatestVersion": false,
      "VersionNumber": 0,
      "FileVersionId": "2022-05-02T13:16:05.1932726Z",
      "FileGuid": "297654d8-7a2e-47d0-adc8-8813783eb0f1",
      "FileHash": "MHg4REEyQzNERTlCNTE2MzY=",
      "FileSize": 1906,
      "CreationTime": "2022-05-02T13:16:05+00:00",
      "Metadata": [
        {
          "Key": "Language",
          "Value": "English"
        },
        {
          "Key": "Format",
          "Value": "application/json"
        },
        {
          "Key": "InformationCategory",
          "Value": "Confidential"
        },
        {
          "Key": "OriginatingOrganization",
          "Value": "GlaxoSmithKline"
        },
        {
          "Key": "RecordRetentionCategory",
          "Value": "GRS023"
        },
        {
          "Key": "PrimaryCustodianID",
          "Value": "bsu31171@gsk.com"
        },
        {
          "Key": "PersonallyIdentifiableInformation",
          "Value": "None"
        },
        {
          "Key": "BusinessUnit",
          "Value": "Pharmaceuticals Research and Development"
        },
        {
          "Key": "Title",
          "Value": "E14875 - Cloned v24 -SCH-TST - Clone Screening"
        },
        {
          "Key": "AgreementPacket",
          "Value": "GSK Proprietary"
        },
        {
          "Key": "IssueDate",
          "Value": "07-Oct-2019 00:00:00"
        },
        {
          "Key": "InformationType",
          "Value": "Experiment Capture"
        },
        {
          "Key": "Author",
          "Value": "Hella Bosteels"
        },
        {
          "Key": "AuthorID",
          "Value": "hb48419"
        },
        {
          "Key": "SecondAuthor",
          "Value": "kk920264"
        }
      ]
    },
    {
      "FileName": "TestImage.png",
      "FolderName": "ClientTest2022",
      "FilePath": "ClientTest2022/TestImage.png",
      "Container": "signals-dev",
      "FileBlobType": "Block",
      "FileContentType": "application/octet-stream",
      "IsLatestVersion": true,
      "VersionNumber": 1,
      "FileVersionId": "2022-05-02T13:16:05.2702300Z",
      "FileGuid": "fbd5e7f0-c7af-4f5a-af70-aa6cd9bc9334",
      "FileHash": "MHg4REEyQzNERTlDMEFENEM=",
      "FileSize": 1906,
      "CreationTime": "2022-05-02T13:16:05+00:00",
      "Metadata": [
        {
          "Key": "Language",
          "Value": "English"
        },
        {
          "Key": "Format",
          "Value": "application/json"
        },
        {
          "Key": "InformationCategory",
          "Value": "Confidential"
        },
        {
          "Key": "OriginatingOrganization",
          "Value": "GlaxoSmithKline"
        },
        {
          "Key": "RecordRetentionCategory",
          "Value": "GRS023"
        },
        {
          "Key": "PrimaryCustodianID",
          "Value": "bsu31171@gsk.com"
        },
        {
          "Key": "PersonallyIdentifiableInformation",
          "Value": "None"
        },
        {
          "Key": "BusinessUnit",
          "Value": "Pharmaceuticals Research and Development"
        },
        {
          "Key": "Title",
          "Value": "E14875 - Cloned v24 -SCH-TST - Clone Screening"
        },
        {
          "Key": "AgreementPacket",
          "Value": "GSK Proprietary"
        },
        {
          "Key": "IssueDate",
          "Value": "07-Oct-2019 00:00:00"
        },
        {
          "Key": "InformationType",
          "Value": "Experiment Capture"
        },
        {
          "Key": "Author",
          "Value": "Hella Bosteels"
        },
        {
          "Key": "AuthorID",
          "Value": "hb48419"
        },
        {
          "Key": "SecondAuthor",
          "Value": "kk920264"
        }
      ]
    }
  ]
}