{
  "includeAll": "true",
  "includeAssignedSet": "true",
  "includeSentSet": "true",
  "includeResponsibleSet": "true",
  "propertyFilters": {
    "propertyFilter": [
      {
        "property": "WORKFLOW_REQUESTER",
        "name": "WORKFLOW_REQUESTER",
        "constraints": [
          {
            "nameConstraint": {
              "operation": "IS",
              "nameType": "USER_TYPE",
              "stringValue": "#{username}#"
            }
          }
        ]
      },
      {
        "property": "SENT_DATE",
        "name": "SENT_DATE",
        "constraints": [
          {
            "date": {
              "operation": "LESS_THAN_OR_EQUAL_TO",
              "date1": "#{sentDateLessThanOrEqualTo}#"
            }
          }
        ]
      },
      {
        "property": "SENT_DATE",
        "name": "SENT_DATE",
        "constraints": [
          {
            "date": {
              "operation": "GREATER_THAN_OR_EQUAL_TO",
              "date1": "#{sentDateGreaterThanOrEqualTo}#"
            }
          }
        ]
      },
      {
        "property": "TASK_TYPE",
        "name": "TASK_TYPE",
        "constraints": [
          {
            "stringConstraint": {
              "operation": "IS",
              "stringValue": "Alert"
            }
          },
          {
            "stringConstraint": {
              "operation": "IS",
              "stringValue": "Review"
            }
          },
          {
            "stringConstraint": {
              "operation": "IS",
              "stringValue": "Sign Off"
            }
          }
        ]
      },
      {
        "property": "WORKFLOW_STATUS",
        "name": "WORKFLOW_STATUS",
        "constraints": [
          {
            "stringConstraint": {
              "operation": "IS",
              "stringValue": "New"
            }
          },
          {
            "stringConstraint": {
              "operation": "IS",
              "stringValue": "New - Overdue"
            }
          },
          {
            "stringConstraint": {
              "operation": "IS",
              "stringValue": "In-Progress"
            }
          },
          {
            "stringConstraint": {
              "operation": "IS",
              "stringValue": "In-Progress - Overdue"
            }
          }

        ]
      }
    ]
  }
}