{
  "metaData": {
    "Language": "English",
    "Format": "application/json",
    "InformationCategory": "Confidential",
    "OriginatingOrganization": "GlaxoSmithKline",
    "RecordRetentionCategory": "GRS023",
    "PrimaryCustodianID": "bsu31171@gsk.com",
    "PersonallyIdentifiableInformation": "None",
    "BusinessUnit": "Pharmaceuticals Research and Development",
    "Title": "E14875 - Cloned v24 -SCH-TST - Clone Screening",
    "AgreementPacket": "GSK Proprietary",
    "IssueDate": "07-Oct-2019 00:00:00",
    "InformationType": "Experiment Capture",
    "Author": "Hella Bosteels",
    "AuthorID": "hb48419",
	  "SecondAuthor":"kk920264"
  }
}